{"cameraMode":{"drawMode":0,"name":"Shaded","section":"Shading Mode"},"sceneLighting":true,"audioPlay":false,"sceneViewState":{"showFog":true,"showMaterialUpdate":false,"showSkybox":true,"showFlares":true,"showImageEffects":true,"showParticleSystems":true},"in2DMode":false,"pivot":{"x":-13.519126892089844,"y":-22.59657096862793,"z":-17.626277923583986},"rotation":{"x":-0.17752602696418763,"y":0.8215460181236267,"z":-0.36073413491249087,"w":-0.40453392267227175},"size":55.44662094116211,"orthographic":false}